snapshot_at,store_id,item_id,item_name,supplier_id,category_l1,order_uom,units_per_order_uom,min_order_qty,max_order_qty,order_multiple_qty,recommended_order_qty_before_budget,final_order_qty_ea,final_order_qty_order_uom,unit_cost_krw,estimated_order_cost_krw,final_order_cost_krw,reduction_qty_ea,reduction_cost_krw,stockout_risk_yn,stockout_warning_yn,waste_risk_yn,budget_adjusted_yn,adjustment_reason,final_status
2026-07-23 06:00:00+09:00,ST001,SKU003,불고기 삼각김밥,SUP001,즉석식품,CASE,6.0,6.0,102.0,6.0,24.0,24.0,4.0,930,22320,22320.0,0.0,0.0,True,True,False,False,예산 범위 내 후보 수량 유지,OK
2026-07-23 06:00:00+09:00,ST001,SKU011,제로콜라 500mL,SUP001,음료,CASE,12.0,12.0,120.0,12.0,48.0,48.0,4.0,1050,50400,50400.0,0.0,0.0,True,False,False,False,예산 범위 내 후보 수량 유지,OK
2026-07-23 06:00:00+09:00,ST001,SKU027,컵라면 매운맛,SUP002,가공식품,CASE,12.0,12.0,120.0,12.0,24.0,24.0,2.0,850,20400,20400.0,0.0,0.0,False,False,False,False,예산 범위 내 후보 수량 유지,OK
2026-07-23 06:00:00+09:00,ST001,SKU006,돈까스 도시락,SUP001,즉석식품,CASE,4.0,4.0,68.0,4.0,8.0,8.0,2.0,3600,28800,28800.0,0.0,0.0,False,False,False,False,예산 범위 내 후보 수량 유지,OK
2026-07-23 06:00:00+09:00,ST001,SKU014,에너지드링크,SUP001,음료,CASE,12.0,12.0,72.0,12.0,12.0,12.0,1.0,1350,16200,16200.0,0.0,0.0,False,False,False,False,예산 범위 내 후보 수량 유지,OK
2026-07-23 06:00:00+09:00,ST001,SKU008,치킨 샌드위치,SUP001,즉석식품,CASE,4.0,4.0,68.0,4.0,4.0,4.0,1.0,2350,9400,9400.0,0.0,0.0,False,False,False,False,예산 범위 내 후보 수량 유지,OK
2026-07-23 06:00:00+09:00,ST001,SKU032,초코바,SUP002,스낵,CASE,12.0,12.0,84.0,12.0,12.0,12.0,1.0,820,9840,9840.0,0.0,0.0,False,False,False,False,예산 범위 내 후보 수량 유지,OK
2026-07-23 06:00:00+09:00,ST001,SKU035,물티슈,SUP002,생활용품,CASE,10.0,10.0,30.0,10.0,10.0,10.0,1.0,1200,12000,12000.0,0.0,0.0,False,False,False,False,예산 범위 내 후보 수량 유지,OK
2026-07-23 06:00:00+09:00,ST001,SKU005,치킨마요 도시락,SUP001,즉석식품,CASE,4.0,4.0,84.0,4.0,4.0,4.0,1.0,3050,12200,12200.0,0.0,0.0,False,False,True,False,예산 범위 내 후보 수량 유지,OK
