snapshot_at,snapshot_date,as_of_date,store_id,item_id,supplier_id,gtin,item_name,category_l1,category_l2,is_perishable,base_uom,supplier_name,unit_cost_krw,currency,stock_uom,order_uom,units_per_order_uom,min_order_qty,max_order_qty,order_multiple_qty,lead_time_days,review_period_days,safety_stock_days,service_level_target_pct,min_remaining_shelf_life_days,sales_short_window_days,sales_long_window_days,short_window_days,long_window_days,avg_daily_quantity_short,avg_daily_quantity_long,std_daily_quantity_long,sales_trend_qty_per_day_long,promotion_quantity_share_pct,on_hand_qty,reserved_qty,inbound_qty,available_qty,inventory_position_qty,next_inbound_date,inventory_cover_days,lead_time_demand_qty,stockout_gap_qty,lot_count,nearest_expiry_date,nearest_removal_date,removal_within_short_horizon_qty,removal_within_medium_horizon_qty,removal_within_long_horizon_qty,expiry_within_long_horizon_qty,expiry_short_horizon_days,expiry_medium_horizon_days,expiry_long_horizon_days,waste_risk_qty,waste_risk_yn,stockout_risk_yn,stockout_warning_days,stockout_warning_yn,protection_period_days,target_stock_qty,net_required_qty,recommended_order_qty_before_budget,recommended_order_qty_before_budget_ea,recommended_order_qty_before_budget_order_uom,order_cap_applied_yn,order_needed_yn,estimated_order_cost_krw,expected_inventory_after_order_qty
2026-07-23T06:00:00+09:00,2026-07-23,2026-07-22,ST001,SKU001,SUP001,8801234500012,참치마요 삼각김밥,즉석식품,삼각김밥,TRUE,EA,본사 신선물류센터,850,KRW,EA,CASE,6.00,6.00,156.00,6.00,1.00,1.00,0.80,97.00,2.00,7,28,7,28,10.57,12.39,5.59,-0.13,0.00,45.00,2.00,0.00,43.00,43.00,,3.47,12.39,0.00,3,2026-07-26,2026-07-25,0.00,28.00,43.00,43.00,1,3,7,0.00,FALSE,FALSE,1,FALSE,2.80,34.69,0.00,0.00,0.00,0.00,FALSE,FALSE,0,43.00
2026-07-23T06:00:00+09:00,2026-07-23,2026-07-22,ST001,SKU002,SUP001,8801234500029,전주비빔 삼각김밥,즉석식품,삼각김밥,TRUE,EA,본사 신선물류센터,820,KRW,EA,CASE,6.00,6.00,114.00,6.00,1.00,1.00,0.80,97.00,2.00,7,28,7,28,10.29,9.96,4.17,-0.00,0.00,35.00,0.00,0.00,35.00,35.00,,3.51,9.96,0.00,3,2026-07-25,2026-07-24,18.00,35.00,35.00,35.00,1,3,7,8.04,TRUE,FALSE,1,FALSE,2.80,27.89,0.00,0.00,0.00,0.00,FALSE,FALSE,0,35.00
2026-07-23T06:00:00+09:00,2026-07-23,2026-07-22,ST001,SKU003,SUP001,8801234500036,불고기 삼각김밥,즉석식품,삼각김밥,TRUE,EA,본사 신선물류센터,930,KRW,EA,CASE,6.00,6.00,102.00,6.00,1.00,1.00,0.80,97.00,2.00,7,28,7,28,11.00,9.43,5.60,0.05,0.00,8.00,0.00,0.00,8.00,8.00,,0.85,9.43,1.43,2,2026-07-26,2026-07-25,0.00,8.00,8.00,8.00,1,3,7,0.00,FALSE,TRUE,1,TRUE,2.80,26.40,18.40,24.00,24.00,4.00,FALSE,TRUE,22320,32.00
2026-07-23T06:00:00+09:00,2026-07-23,2026-07-22,ST001,SKU004,SUP001,8801234500043,제육볶음 도시락,즉석식품,도시락,TRUE,EA,본사 신선물류센터,3350,KRW,EA,CASE,4.00,4.00,92.00,4.00,1.00,1.00,0.70,97.00,2.00,7,28,7,28,6.86,8.25,4.60,-0.02,0.00,34.00,2.00,4.00,32.00,36.00,2026-07-24,4.36,8.25,0.00,3,2026-07-26,2026-07-25,0.00,21.00,32.00,32.00,1,3,7,0.00,FALSE,FALSE,1,FALSE,2.70,22.28,0.00,0.00,0.00,0.00,FALSE,FALSE,0,36.00
2026-07-23T06:00:00+09:00,2026-07-23,2026-07-22,ST001,SKU005,SUP001,8801234500050,치킨마요 도시락,즉석식품,도시락,TRUE,EA,본사 신선물류센터,3050,KRW,EA,CASE,4.00,4.00,84.00,4.00,1.00,1.00,0.70,97.00,2.00,7,28,7,28,4.86,6.64,3.62,-0.20,0.00,17.00,0.00,0.00,17.00,17.00,,2.56,6.64,0.00,3,2026-07-25,2026-07-24,9.00,17.00,17.00,17.00,1,3,7,2.36,TRUE,FALSE,1,FALSE,2.70,17.93,0.93,4.00,4.00,1.00,FALSE,TRUE,12200,21.00
2026-07-23T06:00:00+09:00,2026-07-23,2026-07-22,ST001,SKU006,SUP001,8801234500067,돈까스 도시락,즉석식품,도시락,TRUE,EA,본사 신선물류센터,3600,KRW,EA,CASE,4.00,4.00,68.00,4.00,1.00,1.00,0.70,97.00,2.00,7,28,7,28,5.00,5.93,3.58,-0.12,0.00,5.00,0.00,4.00,5.00,9.00,2026-07-24,1.52,5.93,0.00,2,2026-07-26,2026-07-25,0.00,5.00,5.00,5.00,1,3,7,0.00,FALSE,FALSE,1,FALSE,2.70,16.01,7.01,8.00,8.00,2.00,FALSE,TRUE,28800,17.00
2026-07-23T06:00:00+09:00,2026-07-23,2026-07-22,ST001,SKU007,SUP001,8801234500074,햄에그 샌드위치,즉석식품,샌드위치,TRUE,EA,본사 신선물류센터,1950,KRW,EA,CASE,4.00,4.00,88.00,4.00,1.00,1.00,0.80,97.00,2.00,7,28,7,28,8.29,7.61,3.20,0.00,0.00,28.00,2.00,4.00,26.00,30.00,2026-07-24,3.94,7.61,0.00,3,2026-07-26,2026-07-25,0.00,17.00,26.00,26.00,1,3,7,0.00,FALSE,FALSE,1,FALSE,2.80,21.31,0.00,0.00,0.00,0.00,FALSE,FALSE,0,30.00
2026-07-23T06:00:00+09:00,2026-07-23,2026-07-22,ST001,SKU008,SUP001,8801234500081,치킨 샌드위치,즉석식품,샌드위치,TRUE,EA,본사 신선물류센터,2350,KRW,EA,CASE,4.00,4.00,68.00,4.00,1.00,1.00,0.80,97.00,2.00,7,28,7,28,7.00,5.79,2.79,0.07,0.00,19.00,3.00,0.00,16.00,16.00,,2.76,5.79,0.00,3,2026-07-26,2026-07-25,0.00,11.00,16.00,16.00,1,3,7,0.00,FALSE,FALSE,1,FALSE,2.80,16.21,0.21,4.00,4.00,1.00,FALSE,TRUE,9400,20.00
2026-07-23T06:00:00+09:00,2026-07-23,2026-07-22,ST001,SKU009,SUP001,8801234500098,생수 500mL,음료,생수,FALSE,EA,본사 신선물류센터,500,KRW,EA,CASE,20.00,20.00,220.00,20.00,2.00,1.00,1.20,98.00,,7,28,7,28,32.86,24.36,13.47,0.42,0.00,127.00,7.00,0.00,120.00,120.00,,4.93,48.72,0.00,0,,,0.00,0.00,0.00,0.00,1,3,7,0.00,FALSE,FALSE,1,FALSE,4.20,102.31,0.00,0.00,0.00,0.00,FALSE,FALSE,0,120.00
2026-07-23T06:00:00+09:00,2026-07-23,2026-07-22,ST001,SKU010,SUP001,8801234500104,콜라 500mL,음료,탄산음료,FALSE,EA,본사 신선물류센터,1050,KRW,EA,CASE,12.00,12.00,144.00,12.00,2.00,1.00,1.20,98.00,,7,28,7,28,13.71,11.46,4.75,0.08,0.00,55.00,3.00,12.00,52.00,64.00,2026-07-25,5.58,22.92,0.00,0,,,0.00,0.00,0.00,0.00,1,3,7,0.00,FALSE,FALSE,1,FALSE,4.20,48.13,0.00,0.00,0.00,0.00,FALSE,FALSE,0,64.00
2026-07-23T06:00:00+09:00,2026-07-23,2026-07-22,ST001,SKU011,SUP001,8801234500111,제로콜라 500mL,음료,탄산음료,FALSE,EA,본사 신선물류센터,1050,KRW,EA,CASE,12.00,12.00,120.00,12.00,2.00,1.00,1.20,98.00,,7,28,7,28,19.57,14.39,6.05,0.31,0.00,19.00,0.00,0.00,19.00,19.00,,1.32,28.78,9.78,0,,,0.00,0.00,0.00,0.00,1,3,7,0.00,FALSE,TRUE,1,FALSE,4.20,60.44,41.44,48.00,48.00,4.00,FALSE,TRUE,50400,67.00
2026-07-23T06:00:00+09:00,2026-07-23,2026-07-22,ST001,SKU012,SUP001,8801234500128,캔커피 오리지널,음료,커피,FALSE,EA,본사 신선물류센터,730,KRW,EA,CASE,10.00,10.00,110.00,10.00,2.00,1.00,1.00,98.00,,7,28,7,28,7.71,8.11,3.70,0.04,0.00,36.00,0.00,10.00,36.00,46.00,2026-07-25,5.67,16.22,0.00,0,,,0.00,0.00,0.00,0.00,1,3,7,0.00,FALSE,FALSE,1,FALSE,4.00,32.44,0.00,0.00,0.00,0.00,FALSE,FALSE,0,46.00
2026-07-23T06:00:00+09:00,2026-07-23,2026-07-22,ST001,SKU013,SUP001,8801234500135,아이스 아메리카노 PET,음료,커피,TRUE,EA,본사 신선물류센터,1250,KRW,EA,CASE,8.00,8.00,128.00,8.00,1.00,1.00,0.90,97.00,5.00,7,28,7,28,14.29,14.11,6.32,0.03,0.00,54.00,1.00,0.00,53.00,53.00,,3.76,14.11,0.00,3,2026-07-26,2026-07-25,0.00,15.00,35.00,35.00,1,3,7,0.00,FALSE,FALSE,1,FALSE,2.90,40.92,0.00,0.00,0.00,0.00,FALSE,FALSE,0,53.00
2026-07-23T06:00:00+09:00,2026-07-23,2026-07-22,ST001,SKU014,SUP001,8801234500142,에너지드링크,음료,에너지음료,FALSE,EA,본사 신선물류센터,1350,KRW,EA,CASE,12.00,12.00,72.00,12.00,2.00,1.00,1.20,98.00,,7,28,7,28,10.43,8.07,4.76,0.13,0.00,11.00,1.00,12.00,10.00,22.00,2026-07-25,2.73,16.14,0.00,0,,,0.00,0.00,0.00,0.00,1,3,7,0.00,FALSE,FALSE,1,FALSE,4.20,33.89,11.89,12.00,12.00,1.00,FALSE,TRUE,16200,34.00
2026-07-23T06:00:00+09:00,2026-07-23,2026-07-22,ST001,SKU015,SUP001,8801234500159,오렌지주스,음료,주스,TRUE,EA,본사 신선물류센터,1500,KRW,EA,CASE,8.00,8.00,64.00,8.00,1.00,1.00,0.90,97.00,4.00,7,28,7,28,8.57,7.46,4.33,0.03,0.00,32.00,2.00,0.00,30.00,30.00,,4.02,7.46,0.00,3,2026-07-30,2026-07-29,0.00,0.00,9.00,9.00,1,3,7,0.00,FALSE,FALSE,1,FALSE,2.90,21.63,0.00,0.00,0.00,0.00,FALSE,FALSE,0,30.00
2026-07-23T06:00:00+09:00,2026-07-23,2026-07-22,ST001,SKU016,SUP001,8801234500166,복숭아 아이스티,음료,차음료,FALSE,EA,본사 신선물류센터,980,KRW,EA,CASE,12.00,12.00,84.00,12.00,2.00,1.00,1.10,98.00,,7,28,7,28,7.57,8.32,5.39,-0.08,0.00,44.00,1.00,0.00,43.00,43.00,,5.17,16.64,0.00,0,,,0.00,0.00,0.00,0.00,1,3,7,0.00,FALSE,FALSE,1,FALSE,4.10,34.11,0.00,0.00,0.00,0.00,FALSE,FALSE,0,43.00
2026-07-23T06:00:00+09:00,2026-07-23,2026-07-22,ST001,SKU017,SUP001,8801234500173,흰우유 500mL,유제품,우유,TRUE,EA,본사 신선물류센터,1450,KRW,EA,CASE,8.00,8.00,80.00,8.00,1.00,1.00,0.80,97.00,4.00,7,28,7,28,5.14,5.75,2.81,-0.15,0.00,22.00,2.00,8.00,20.00,28.00,2026-07-24,4.87,5.75,0.00,3,2026-07-26,2026-07-25,0.00,6.00,13.00,13.00,1,3,7,0.00,FALSE,FALSE,1,FALSE,2.80,16.10,0.00,0.00,0.00,0.00,FALSE,FALSE,0,28.00
2026-07-23T06:00:00+09:00,2026-07-23,2026-07-22,ST001,SKU018,SUP001,8801234500180,초코우유,유제품,가공유,TRUE,EA,본사 신선물류센터,1050,KRW,EA,CASE,8.00,8.00,72.00,8.00,1.00,1.00,0.80,97.00,4.00,7,28,7,28,7.29,7.39,3.91,-0.09,0.00,48.00,3.00,0.00,45.00,45.00,,6.09,7.39,0.00,3,2026-07-25,2026-07-24,24.00,24.00,38.00,38.00,1,3,7,16.61,TRUE,FALSE,1,FALSE,2.80,20.69,0.00,0.00,0.00,0.00,FALSE,FALSE,0,45.00
2026-07-23T06:00:00+09:00,2026-07-23,2026-07-22,ST001,SKU019,SUP001,8801234500197,딸기우유,유제품,가공유,TRUE,EA,본사 신선물류센터,1050,KRW,EA,CASE,8.00,8.00,64.00,8.00,1.00,1.00,0.80,97.00,4.00,7,28,7,28,5.29,5.54,2.82,-0.06,0.00,23.00,1.00,0.00,22.00,22.00,,3.97,5.54,0.00,3,2026-07-28,2026-07-27,0.00,0.00,6.00,6.00,1,3,7,0.00,FALSE,FALSE,1,FALSE,2.80,15.51,0.00,0.00,0.00,0.00,FALSE,FALSE,0,22.00
2026-07-23T06:00:00+09:00,2026-07-23,2026-07-22,ST001,SKU020,SUP001,8801234500203,플레인 요거트,유제품,요거트,TRUE,EA,본사 신선물류센터,980,KRW,EA,CASE,6.00,6.00,54.00,6.00,1.00,1.00,0.80,97.00,6.00,7,28,7,28,3.71,4.25,2.68,-0.07,0.00,17.00,0.00,0.00,17.00,17.00,,4.00,4.25,0.00,3,2026-07-30,2026-07-29,0.00,0.00,5.00,5.00,1,3,7,0.00,FALSE,FALSE,1,FALSE,2.80,11.90,0.00,0.00,0.00,0.00,FALSE,FALSE,0,17.00
2026-07-23T06:00:00+09:00,2026-07-23,2026-07-22,ST001,SKU021,SUP001,8801234500210,스트링 치즈,유제품,치즈,TRUE,EA,본사 신선물류센터,1120,KRW,EA,CASE,6.00,6.00,48.00,6.00,2.00,1.00,1.00,97.00,10.00,7,28,7,28,3.71,4.04,2.18,-0.04,0.00,18.00,1.00,0.00,17.00,17.00,,4.21,8.08,0.00,3,2026-07-29,2026-07-28,0.00,0.00,5.00,5.00,1,3,7,0.00,FALSE,FALSE,1,FALSE,4.00,16.16,0.00,0.00,0.00,0.00,FALSE,FALSE,0,17.00
2026-07-23T06:00:00+09:00,2026-07-23,2026-07-22,ST001,SKU022,SUP001,8801234500227,단팥빵,베이커리,빵,TRUE,EA,본사 신선물류센터,950,KRW,EA,CASE,6.00,6.00,72.00,6.00,1.00,1.00,0.60,97.00,2.00,7,28,7,28,6.00,5.68,2.35,0.02,0.00,23.00,0.00,6.00,23.00,29.00,2026-07-24,5.11,5.68,0.00,3,2026-07-27,2026-07-26,0.00,6.00,23.00,23.00,1,3,7,0.00,FALSE,FALSE,1,FALSE,2.60,14.77,0.00,0.00,0.00,0.00,FALSE,FALSE,0,29.00
2026-07-23T06:00:00+09:00,2026-07-23,2026-07-22,ST001,SKU023,SUP001,8801234500234,크림빵,베이커리,빵,TRUE,EA,본사 신선물류센터,1020,KRW,EA,CASE,6.00,6.00,66.00,6.00,1.00,1.00,0.60,97.00,2.00,7,28,7,28,5.14,5.54,2.97,0.06,0.00,25.00,1.00,0.00,24.00,24.00,,4.33,5.54,0.00,3,2026-07-25,2026-07-24,13.00,24.00,24.00,24.00,1,3,7,7.46,TRUE,FALSE,1,FALSE,2.60,14.40,0.00,0.00,0.00,0.00,FALSE,FALSE,0,24.00
2026-07-23T06:00:00+09:00,2026-07-23,2026-07-22,ST001,SKU024,SUP001,8801234500241,크루아상,베이커리,페이스트리,TRUE,EA,본사 신선물류센터,1280,KRW,EA,CASE,6.00,6.00,54.00,6.00,1.00,1.00,0.60,97.00,2.00,7,28,7,28,5.00,4.21,2.50,0.06,0.00,17.00,0.00,6.00,17.00,23.00,2026-07-24,5.46,4.21,0.00,3,2026-07-26,2026-07-25,0.00,11.00,17.00,17.00,1,3,7,0.00,FALSE,FALSE,1,FALSE,2.60,10.95,0.00,0.00,0.00,0.00,FALSE,FALSE,0,23.00
2026-07-23T06:00:00+09:00,2026-07-23,2026-07-22,ST001,SKU025,SUP001,8801234500258,소시지빵,베이커리,조리빵,TRUE,EA,본사 신선물류센터,1420,KRW,EA,CASE,6.00,6.00,60.00,6.00,1.00,1.00,0.60,97.00,2.00,7,28,7,28,5.57,5.11,2.68,0.00,0.00,18.00,1.00,0.00,17.00,17.00,,3.33,5.11,0.00,3,2026-07-25,2026-07-24,9.00,17.00,17.00,17.00,1,3,7,3.89,TRUE,FALSE,1,FALSE,2.60,13.29,0.00,0.00,0.00,0.00,FALSE,FALSE,0,17.00
2026-07-23T06:00:00+09:00,2026-07-23,2026-07-22,ST001,SKU026,SUP001,8801234500265,카스텔라,베이커리,케이크,TRUE,EA,본사 신선물류센터,1350,KRW,EA,CASE,6.00,6.00,42.00,6.00,1.00,1.00,0.80,97.00,2.00,7,28,7,28,4.00,3.93,2.40,-0.03,0.00,14.00,0.00,6.00,14.00,20.00,2026-07-24,5.09,3.93,0.00,3,2026-07-28,2026-07-27,0.00,0.00,9.00,9.00,1,3,7,0.00,FALSE,FALSE,1,FALSE,2.80,11.00,0.00,0.00,0.00,0.00,FALSE,FALSE,0,20.00
2026-07-23T06:00:00+09:00,2026-07-23,2026-07-22,ST001,SKU027,SUP002,8801234500272,컵라면 매운맛,가공식품,라면,FALSE,EA,본사 상온물류센터,850,KRW,EA,CASE,12.00,12.00,120.00,12.00,1.00,1.00,1.20,98.00,,7,28,7,28,6.14,9.82,4.60,-0.27,0.00,12.00,0.00,0.00,12.00,12.00,,1.22,9.82,0.00,0,,,0.00,0.00,0.00,0.00,1,3,7,0.00,FALSE,FALSE,1,FALSE,3.20,31.42,19.42,24.00,24.00,2.00,FALSE,TRUE,20400,36.00
2026-07-23T06:00:00+09:00,2026-07-23,2026-07-22,ST001,SKU028,SUP002,8801234500289,컵라면 순한맛,가공식품,라면,FALSE,EA,본사 상온물류센터,850,KRW,EA,CASE,12.00,12.00,84.00,12.00,1.00,1.00,1.20,98.00,,7,28,7,28,5.57,7.04,3.44,-0.07,0.00,29.00,0.00,0.00,29.00,29.00,,4.12,7.04,0.00,0,,,0.00,0.00,0.00,0.00,1,3,7,0.00,FALSE,FALSE,1,FALSE,3.20,22.53,0.00,0.00,0.00,0.00,FALSE,FALSE,0,29.00
2026-07-23T06:00:00+09:00,2026-07-23,2026-07-22,ST001,SKU029,SUP002,8801234500296,즉석밥,가공식품,즉석밥,FALSE,EA,본사 상온물류센터,1050,KRW,EA,CASE,12.00,12.00,48.00,12.00,2.00,1.00,1.50,98.00,,7,28,7,28,4.14,3.14,1.87,0.06,0.00,16.00,1.00,12.00,15.00,27.00,2026-07-25,8.60,6.28,0.00,0,,,0.00,0.00,0.00,0.00,1,3,7,0.00,FALSE,FALSE,1,FALSE,4.50,14.13,0.00,0.00,0.00,0.00,FALSE,FALSE,0,27.00
2026-07-23T06:00:00+09:00,2026-07-23,2026-07-22,ST001,SKU030,SUP002,8801234500302,참치캔,가공식품,통조림,FALSE,EA,본사 상온물류센터,1850,KRW,EA,CASE,10.00,10.00,40.00,10.00,3.00,1.00,1.50,98.00,,7,28,7,28,2.29,2.18,1.60,0.02,0.00,14.00,0.00,0.00,14.00,14.00,,6.42,6.54,0.00,0,,,0.00,0.00,0.00,0.00,1,3,7,0.00,FALSE,FALSE,1,FALSE,5.50,11.99,0.00,0.00,0.00,0.00,FALSE,FALSE,0,14.00
2026-07-23T06:00:00+09:00,2026-07-23,2026-07-22,ST001,SKU031,SUP002,8801234500319,감자칩,스낵,스낵,FALSE,EA,본사 상온물류센터,950,KRW,EA,CASE,12.00,12.00,84.00,12.00,2.00,1.00,1.30,98.00,,7,28,7,28,7.29,8.07,3.88,-0.05,0.00,47.00,1.00,0.00,46.00,46.00,,5.70,16.14,0.00,0,,,0.00,0.00,0.00,0.00,1,3,7,0.00,FALSE,FALSE,1,FALSE,4.30,34.70,0.00,0.00,0.00,0.00,FALSE,FALSE,0,46.00
2026-07-23T06:00:00+09:00,2026-07-23,2026-07-22,ST001,SKU032,SUP002,8801234500326,초코바,스낵,초콜릿,FALSE,EA,본사 상온물류센터,820,KRW,EA,CASE,12.00,12.00,84.00,12.00,2.00,1.00,1.30,98.00,,7,28,7,28,6.57,5.89,3.89,-0.04,0.00,8.00,0.00,12.00,8.00,20.00,2026-07-25,3.40,11.78,0.00,0,,,0.00,0.00,0.00,0.00,1,3,7,0.00,FALSE,FALSE,1,FALSE,4.30,25.33,5.33,12.00,12.00,1.00,FALSE,TRUE,9840,32.00
2026-07-23T06:00:00+09:00,2026-07-23,2026-07-22,ST001,SKU033,SUP002,8801234500333,젤리,스낵,캔디,FALSE,EA,본사 상온물류센터,760,KRW,EA,CASE,12.00,12.00,72.00,12.00,2.00,1.00,1.30,98.00,,7,28,7,28,5.86,6.39,4.39,-0.00,0.00,30.00,0.00,12.00,30.00,42.00,2026-07-25,6.57,12.78,0.00,0,,,0.00,0.00,0.00,0.00,1,3,7,0.00,FALSE,FALSE,1,FALSE,4.30,27.48,0.00,0.00,0.00,0.00,FALSE,FALSE,0,42.00
2026-07-23T06:00:00+09:00,2026-07-23,2026-07-22,ST001,SKU034,SUP002,8801234500340,믹스넛,스낵,견과,FALSE,EA,본사 상온물류센터,1400,KRW,EA,CASE,10.00,10.00,50.00,10.00,2.00,1.00,1.30,98.00,,7,28,7,28,4.71,4.36,3.04,0.05,0.00,23.00,1.00,0.00,22.00,22.00,,5.05,8.72,0.00,0,,,0.00,0.00,0.00,0.00,1,3,7,0.00,FALSE,FALSE,1,FALSE,4.30,18.75,0.00,0.00,0.00,0.00,FALSE,FALSE,0,22.00
2026-07-23T06:00:00+09:00,2026-07-23,2026-07-22,ST001,SKU035,SUP002,8801234500357,물티슈,생활용품,위생용품,FALSE,EA,본사 상온물류센터,1200,KRW,EA,CASE,10.00,10.00,30.00,10.00,3.00,1.00,2.00,98.00,,7,28,7,28,3.00,2.46,1.76,-0.02,0.00,10.00,0.00,0.00,10.00,10.00,,4.07,7.38,0.00,0,,,0.00,0.00,0.00,0.00,1,3,7,0.00,FALSE,FALSE,1,FALSE,6.00,14.76,4.76,10.00,10.00,1.00,FALSE,TRUE,12000,20.00
2026-07-23T06:00:00+09:00,2026-07-23,2026-07-22,ST001,SKU036,SUP002,8801234500364,휴대용 티슈,생활용품,위생용품,FALSE,EA,본사 상온물류센터,780,KRW,EA,CASE,10.00,10.00,30.00,10.00,3.00,1.00,2.00,98.00,,7,28,7,28,1.86,2.04,1.84,-0.04,0.00,15.00,0.00,0.00,15.00,15.00,,7.35,6.12,0.00,0,,,0.00,0.00,0.00,0.00,1,3,7,0.00,FALSE,FALSE,1,FALSE,6.00,12.24,0.00,0.00,0.00,0.00,FALSE,FALSE,0,15.00
